question,human_ans_spans,review,answer_indexes/0,answer_indexes/1,loop_number,page_number,,manual_initial_index,manual_final_index,,human_ans_indices
Quando foi aprovado o Regimento Geral da UFSM?,09 DE NOVEMBRO DE 1988,"REGIMENTO GERAL 88 -  UFSM... APROVADO NA 421ª SESSÃO DO CONSELHO UNIVERSITÁRIO, EM 09 DE NOVEMBRO DE 1988...",101,125,0,1,,84,108,,"(84, 108)"
Onde foi publicado o Regimento Geral da UFSM?,DIÁRIO OFICIAL DA UNIÃO,REGIMENTO GERAL 88 - UFSM... PUBLICADO NO DIÁRIO OFICIAL DA npUNIÃO EM 02 DE JANEIRO DE 1989,108,132,0,1,,42,70,,"(42, 70)"
Quais são os Conselhos Universitários mencionados no Regimento Geral 88 - UFSM?,"CONSU, CEPE e De Curadores","SEÇÃO I Do Conselho Universitário (CONSU)4º/5º SEÇÃO II Do Conselho De Ensino, Pesquisa E Extensão (CEPE)6º/7º SEÇÃO III Do Conselho De Curadores 8º/9º",67,79,1,2,,35,146,,"(35, 146)"
Quais são os órgãos suplementares centrais citados no Regimento Geral 88 - UFSM?,"COPERVES, CPAC e COPSIA",- COPERVES 52/5420/21 - CPAC 55/6221 - COPSIA 63/6621 - ÓRGÃOS SUPLEMENTARES CENTRAIS 67/70,126,144,1,2,,2,46,,"(2, 46)"
Qual o capítulo do regimento geral da UFSM trata do corpo discente?,CAPÍTULO II,"......  continuação ArtigosPág. TÍTULO II DO REGIME DIDÁTICO CIENTÍFICO 100/15532/41 CAPÍTULO I DO ENSINO100/15532/41 SEÇÃO I Dos Cursos 100/106 32 SEÇÃO II Dos Colegiados E Das Coordenações De Cursos 107/115 33/36 SEÇÃO III Do Concurso Vestibular 116/123 36/37 SEÇÃO IV Da Matrícula 124/128 37 SEÇÃO V Da Freqüência 129 37/38 SEÇÃO VI Da Verificação Do Aproveitamento Da Graduação 130/137 38 SEÇÃO VII Da Verificação Do Aproveitamento Pós-Graduação 138/146 38/39 SEÇÃO VIII Da Revalidação De Diplomas E Validação De Estudos 147/155 40/41 TÍTULO III DA COMUNIDADE UNIVERSITÁRIA 156/19741/50 CAPÍTULO I DAS ATIVIDADES DO PESSOAL DOCENTE157/15841/42 CAPÍTULO II DO CORPO DOCENTE159/17142/46 SEÇÃO I Do Ingresso Na Carreira 164/165 43 SEÇÃO II Do Regime De Trabalho 166/167 44 SEÇÃO III Da Progressão Funcional 168 45 SEÇÃO IV Da Transferência Ou Movimentação 169 45/46 SEÇÃO V Do Afastamento 170/171 46 CAPÍTULO II DO CORPO DISCENTE (deveria ser III) 172/17947/48 CAPÍTULO III DO CORPO TÉCNICO-ADMINISTRATIVO (deveria ser IV) 18048 CAPÍTULO IV DO REGIME DISCIPLINAR (deveria ser V) 181/18948/49 DOS TÍTULOS HONORÍFICOS E DIGNIDADES UNIVERSITÁRIAS 190/197 49/50 TÍTULO V (deveria ser IV ) DO PATRIMÔNIO, RECURSOS E DO REGIME FINANCEIRO 198/20450/51 TÍTULO VI (deveria ser V) DISPOSIÇÕES GERAIS E TRANSITÓRIAS 205/21151/52 ANEXOS 53 REITORIA 53 CENTRO DE ARTES E LETRAS 55 CENTRO DE CIÊNCIAS NATURAIS E EXATAS 56 CENTRO DE CIÊNCIAS RURAIS 57 CENTRO DE CIÊNCIAS DA SAÚDE 58 CENTRO DE CIÊNCIAS SOCIAIS E HUMANAS 59 CENTRO DE EDUCAÇÃO 60 CENTRO DE EDUCAÇÃO FÍSICA E DESPORTOS 61 CENTRO DE TECNOLOGIA 62 ESCOLAS DE 2º GRAU 63",277,291,2,3,,85,42,,"(85, 42)"
Onde se encontra a seção III do regimento geral da UFSM?,Do Concurso Vestibular,"......  continuação ArtigosPág. TÍTULO II DO REGIME DIDÁTICO CIENTÍFICO 100/15532/41 CAPÍTULO I DO ENSINO100/15532/41 SEÇÃO I Dos Cursos 100/106 32 SEÇÃO II Dos Colegiados E Das Coordenações De Cursos 107/115 33/36 SEÇÃO III Do Concurso Vestibular 116/123 36/37 SEÇÃO IV Da Matrícula 124/128 37 SEÇÃO V Da Freqüência 129 37/38 SEÇÃO VI Da Verificação Do Aproveitamento Da Graduação 130/137 38 SEÇÃO VII Da Verificação Do Aproveitamento Pós-Graduação 138/146 38/39 SEÇÃO VIII Da Revalidação De Diplomas E Validação De Estudos 147/155 40/41 TÍTULO III DA COMUNIDADE UNIVERSITÁRIA 156/19741/50 CAPÍTULO I DAS ATIVIDADES DO PESSOAL DOCENTE157/15841/42 CAPÍTULO II DO CORPO DOCENTE159/17142/46 SEÇÃO I Do Ingresso Na Carreira 164/165 43 SEÇÃO II Do Regime De Trabalho 166/167 44 SEÇÃO III Da Progressão Funcional 168 45 SEÇÃO IV Da Transferência Ou Movimentação 169 45/46 SEÇÃO V Do Afastamento 170/171 46 CAPÍTULO II DO CORPO DISCENTE (deveria ser III) 172/17947/48 CAPÍTULO III DO CORPO TÉCNICO-ADMINISTRATIVO (deveria ser IV) 18048 CAPÍTULO IV DO REGIME DISCIPLINAR (deveria ser V) 181/18948/49 DOS TÍTULOS HONORÍFICOS E DIGNIDADES UNIVERSITÁRIAS 190/197 49/50 TÍTULO V (deveria ser IV ) DO PATRIMÔNIO, RECURSOS E DO REGIME FINANCEIRO 198/20450/51 TÍTULO VI (deveria ser V) DISPOSIÇÕES GERAIS E TRANSITÓRIAS 205/21151/52 ANEXOS 53 REITORIA 53 CENTRO DE ARTES E LETRAS 55 CENTRO DE CIÊNCIAS NATURAIS E EXATAS 56 CENTRO DE CIÊNCIAS RURAIS 57 CENTRO DE CIÊNCIAS DA SAÚDE 58 CENTRO DE CIÊNCIAS SOCIAIS E HUMANAS 59 CENTRO DE EDUCAÇÃO 60 CENTRO DE EDUCAÇÃO FÍSICA E DESPORTOS 61 CENTRO DE TECNOLOGIA 62 ESCOLAS DE 2º GRAU 63",162,178,2,3,,225,248,,"(225, 248)"
Quais são os níveis de administração na UFSM de acordo com o Regimento Geral?,"SUPERIOR, INTERMEDIÁRIO, INFERIOR","Art. 2º A Administração e coordenação das atividades da Universidade serão exercidas em três níveis: SUPERIOR, pela Reitoria e Conselhos Superiores: INTERMEDIÁRIO, pelas Unidades de Ensino e Órgãos Suplementares Setoriais; e INFERIOR, pelos Departamentos Didáticos.",266,320,3,4,,101,234,,"(101, 234)"
O que é o Conselho Universitário de acordo com o Regimento Geral da UFSM?,órgão superior de deliberação coletiva para assuntos administrativos e de definição da política geral da UFSM.,"Art. 4º O Conselho Universitário, composto na forma do art. 11 do Estatuto, é o órgão superior de deliberação coletiva para assuntos administrativos e de definição da política geral da UFSM.",747,888,3,4,,80,191,,"(80, 191)"
Quais são as competências do Conselho de Curadores?,As competências do Conselho de Curadores são estabelecidas no art. 22 do Estatuto.,Art. 9º As competências do Conselho de Curadores são estabelecidas no art. 22 do Estatuto.,4,73,4,5,,8,91,,"(8, 91)"
O que é a Reitoria e quais órgãos a compõem?,"A Reitoria executa, coordena e superintende todas as atividades universitárias e é composta pelo Gabinete do Reitor e pelo Gabinete do Vice-Reitor.","Art. 11. A Reitoria é o órgão que executa, coordena e superintende todas as atividades universitárias. Parágrafo único – Para atender o disposto neste artigo a Reitoria contará com os seguintes órgãos: I. Gabinete do Reitor; II. Gabinete do Vice-Reitor;",22,209,4,5,,9,253,,"(9, 253)"
Quais são os órgãos vinculados à Pró-Reitoria de Administração?,"Departamento de Pessoal, Departamento de Material e Patrimônio, Departamento de Contabilidade e Finanças, Núcleo de Processamento de Dados, Prefeitura da Cidade Universitária, Imprensa Universitária e Biblioteca Central.","Art. 14. À Pró-Reitoria de Administração (PRA) compete coordenar, fiscalizar, supervisionar e dirigir os serviços administrativos da Universidade e especificamente: (...) Ficam vinculados à Pró-Reitoria de Administração, para fins de supervisão administrativa, os seguintes órgãos: Departamento de Pessoal, Departamento de Material e Patrimônio, Departamento de Contabilidade e Finanças, Núcleo de Processamento de Dados, Prefeitura da Cidade Universitária, Imprensa Universitária e Biblioteca Central.",457,609,5,6,,282,503,,"(282, 503)"
Qual é a competência do Gabinete do Vice-Reitor?,"Ao Vice-Reitor incumbe além de substituir o Reitor, encarregar-se de assuntos da administração por delegação.","Art. 13. O Gabinete do Vice-Reitor é um órgão com competência de prestar apoio administrativo ao Reitor. Parágrafo único – Ao Vice-Reitor incumbe além de substituir o Reitor, encarregar-se de assuntos da administração por delegação.",341,463,5,6,,123,233,,"(123, 233)"
Quais os serviços que operam sob a supervisão da Pró-Reitoria de Assuntos Estudantis?,I - Moradia Estudantil; II - União Universitária; III - Distribuição e Atendimento de Benefícios.,"§ 2º Operam, sob a supervisão da Pró-Reitoria de Assuntos Estudantis os seguintes serviços: I - Moradia Estudantil; II - União Universitária; III - Distribuição e Atendimento de Benefícios..",53,123,6,7,,92,190,,"(92, 190)"
O que é de responsabilidade da Pró-Reitoria de Extensão (PRE) de acordo com o artigo 16?,"À Pró-Reitoria de Extensão (PRE) compete contribuir para o desenvolvimento da comunidade, através de cursos ou serviços que serão realizados no cumprimento de programas.","Art. 16. À Pró-Reitoria de Extensão (PRE) compete contribuir para o desenvolvimento da comunidade, através de cursos ou serviços que serão realizados no cumprimento de programas, e especificamente: I - executar a política definida pelo Conselho de Ensino, Pesquisa e Extensão, relativa a cursos de extensão e serviços à coletividade; II - manter o registro centralizado das atividades de extensão e serviços à coletividade; III - coordenar as atividades dos órgãos suplementares a ela vinculado, e dos serviços de extensão universitária; IV - expedir os certificados dos cursos de extensão; V - promover e coordenar o intercâmbio cultural com Instituições Congêneres; VI - manter contatos com entidades financiadoras de cursos de extensão e serviços à comunidade; VII - promover a divulgação dos trabalhos de extensão realizados e em realização; VIII - articular-se com a Pró-Reitoria de Graduação, para a manutenção de registros atualizados dos cursos de extensão; IX - promover, em caráter supletivo, programas de extensão cultural.",4,124,6,7,,9,179,,"(9, 179)"
Qual é a competência da Pró-Reitoria de Graduação?,"coordenar a oferta de disciplinas, em nível semestral","X - coordenar a oferta de disciplinas, em nível semestral;",3,64,7,8,,4,58,,"(4, 58)"
O que compete à Pró-Reitoria de Planejamento (PROPLAN)?,"elaborar, supervisionar, acompanhar ou executar projetos estabelecidos no programa de expansão física da Universidade","VII - elaborar, supervisionar acompanhar ou executar projetos estabelecidos no programa de expansão física da Universidade;",305,390,7,8,,6,123,,"(6, 123)"
Quais são as responsabilidades da Pró-Reitoria de Pós-Graduação e Pesquisa (PRPGP)?,"coordenar, supervisionar e dirigir a execução das atividades de ensino de Pós-Graduação, estimular e acompanhar as atividades da pesquisa","Art. 19. À Pró-Reitoria de Pós-Graduação e Pesquisa (PRPGP) compete coordenar, supervisionar e dirigir a execução das atividades de ensino de Pós-Graduação, estimular e acompanhar as atividades da pesquisa, e especificamente: I - executar a política definida pelo Conselho de Ensino, Pesquisa e Extensão, relativa à Pós-Graduação e Pesquisa;",80,201,8,9,,68,52,,"(68, 52)"
Quais são as responsabilidades da Universidade segundo o REGIMENTO GERAL 88 - UFSM?,"realizar estudos sobre a utilização do espaço físico e instalações da Universidade, elaborar o orçamento da Universidade, opinar sobre a abertura de créditos adicionais e sobre a aplicação do ativo financeiro líquido para atendimento de despesas","VIII - realizar estudos sobre a utilização do espaço físico e instalações da Universidade, propondo medidas tendentes à obtenção da máxima eficiência de seu uso; IX - elaborar o orçamento da Universidade, acompanhando e controlando a sua expansão orçamentária, assim como a dos projetos financiados com recursos adicionais; X - opinar sobre a abertura de créditos adicionais e sobre a aplicação do ativo financeiro líquido para atendimento de despesas;",0,281,8,9,,7,452,,"(7, 452)"
Quem coordena as tarefas ligadas aos programas de Pós-Graduação?,O coordenador das tarefas ligadas aos programas de Pós-Graduação é quem coordena a execução das tarefas ligadas aos programas de Pós-Graduação.,IX - coordenar a execução das tarefas ligadas aos programas de Pós-Graduação.;,5,144,9,10,,7,78,,"(7, 78)"
Quais escolas estão vinculadas à Coordenadoria de 2º Grau?,"As escolas vinculadas à Coordenadoria de 2º Grau são: Escola Técnica Industrial de Santa Maria, Escola Agrotécnica Federal de Santa Maria e Escola Agrotécnica Federal de Frederico Westphalen.","Art. 23. Para efeitos de supervisão administrativa, estão vinculadas à Coordenadoria de 2º Grau as seguintes escolas: I - Escola Técnica Industrial de Santa Maria; II - Escola Agrotécnica Federal de Santa Maria; III - Escola Agrotécnica Federal de Frederico Westphalen.",193,343,9,10,,58,270,,"(58, 270)"
Quais os objetivos das escolas de 2º Grau da UFSM?,formação de profissionais de nível médio para atender a demanda do mercado de trabalho.,Art. 26. As escolas de 2º Grau constituem uma das frações básicas do Ensino da UFSM e tem como objetivos a formação de profissionais de nível médio para atender a demanda do mercado de trabalho.,87,162,10,11,,107,195,,"(107, 195)"
Quem compõe o Colegiado da Escola de 2º Grau?,"Diretor da Escola, Vice-Diretor, Coordenador Pedagógico, Orientador Educacional, dois docentes representantes da Área de Educação Geral, dois docentes representantes da Área de Formação Especial, um representante dos servidores Técnico-Administrativos, Representação Estudantil de 1/5 do total dos membros do Conselho.","Art. 29. O Colegiado da Escola de 2º Grau será constituído pelos seguintes membros: I - Diretor da Escola, como seu Presidente; II - Vice-Diretor; III - Coordenador Pedagógico; IV - Orientador Educacional; V - dois docentes representantes da Área de Educação Geral; VI - dois docentes representantes da Área de Formação Especial; VII - um representante dos servidores Técnico-Administrativos; VIII - Representação Estudantil de 1/5 do total dos membros do Conselho.",92,494,10,11,,88,466,,"(88, 466)"
Quais são as competências do Colegiado da Escola de 2º Grau?,"Opinar e decidir sobre a filosofia, os objetivos, a orientação pedagógica da Escola, além dos assuntos administrativos, disciplinares e didáticos sempre que escaparem da alçada da direção.","Art. 30. Compete ao Colegiado da Escola de 2º Grau: I - aprovar o plano global da Escola, acompanhar o seu desenvolvimento e verificar as necessidades de ajustamento no decorrer do ano letivo. II - opinar e decidir sobre a filosofia, os objetivos, a orientação pedagógica da Escola, além dos assuntos administrativos, disciplinares e didáticos sempre que escaparem da alçada da direção. III - analisar a proposta orçamentária da Escola a ser remetida a Coordenadoria de 2º Grau da UFSM.",213,321,11,12,,198,387,,"(198, 387)"
Quais são as responsabilidades do Colegiado da Escola de 2º Grau em relação à realização de cursos não regulares?,"Aprovar a realização de cursos não regulares, seminários, jornadas e outras atividades similares, fixando as respectivas taxas.","XII - aprovar a realização de cursos não regulares, seminários, jornadas e outras atividades similares, fixando as respectivas taxas.; XIII - autorizar a prestação de serviços, fixando as tabelas de preços.;",591,696,11,12,,6,134,,"(6, 134)"
Quais são as atribuições do Diretor da Escola de 2º Grau de acordo com o Regimento Geral da UFSM?,"Ao Diretor da Escola de 2º Grau incumbe: I - integrar o Colegiado da Escola de 2º Grau, como seu presidente;","Art. 33. Ao Diretor da Escola de 2º Grau incumbe: I - integrar o Colegiado da Escola de 2º Grau, como seu presidente; II - coordenar a elaboração e avaliação do Plano Global da Escola; III  -    representar  a  Escola  e  o  Colegiado  da  Escola  sempre  que  se  fizer necessário; IV -    cumprir e promover a efetivação das decisões do Colegiado;",14,105,12,13,,9,118,,"(9, 118)"
Quem supervisionará e dirigirá todas as atividades da Escola de 2º Grau?,"O diretor da Escola de 2º Grau supervisionará e dirigirá todas as atividades, exercendo para tanto seu mandato em regime de tempo integral.","Art. 31. O diretor da Escola de 2º Grau supervisionará e dirigirá todas as atividades, exercendo para tanto seu mandato em regime de tempo integral.",4,169,12,13,,9,149,,"(9, 149)"
Quais são os órgãos executivos da Administração Superior?,I - Assessoria para Assuntos Internacionais (ASSAI); II - Assessoria Técnica de Obras (A.T.O); III - Procuradoria Jurídica (PROJUR); IV - Departamento de Contabilidade e Finanças (DCF); V - Departamento de Pessoal (DP); VI - Departamento de Material e Patrimônio (DEMAPA); VII - Departamento de Registro e Controle Acadêmico (DERCA); VIII - Prefeitura da Cidade Universitária.,"Art. 35. Os Órgãos Executivos da Administração Superior, para o que dispõe o art. 11, são os seguintes: I - Assessoria para Assuntos Internacionais (ASSAI); II - Assessoria Técnica de Obras (A.T.O); III - Procuradoria Jurídica (PROJUR); IV - Departamento de Contabilidade e Finanças (DCF); V - Departamento de Pessoal (DP); VI - Departamento de Material e Patrimônio (DEMAPA); VII - Departamento de Registro e Controle Acadêmico (DERCA); VIII - Prefeitura da Cidade Universitária.",85,411,13,14,,104,481,,"(104, 481)"
Qual é a competência da Assessoria Técnica de Obras (A.T.O)?,"À Assessoria Técnica de Obras (A.T.O) compete planejar, programar, projetar, fiscalizar, e/ou executar as obras e serviços de engenharia e arquitetura da UFSM, visando a implantação e acompanhamento do Plano Diretor do Campus.","Art. 37. À Assessoria Técnica de Obras (A.T.O) compete planejar, programar, projetar, fiscalizar, e/ou executar as obras e serviços de engenharia e arquitetura da UFSM, visando a implantação e acompanhamento do Plano Diretor do Campus.",283,380,13,14,,9,236,,"(9, 236)"
Quais são as atribuições do Departamento de Registro e Controle Acadêmico (DERCA) da UFSM?,"Proceder a habilitação à matrícula de novos alunos, encaminhar históricos escolares e elaborar editais de inscrição.","Art. 40. Ao Departamento de Registro e Controle Acadêmico (DERCA) compete: I - proceder a habilitação à matrícula (recebimento de documentos) de novos alunos da UFSM.; IV - encaminhar às Secretarias de Educação ou Escolas, os históricos escolares de 2º Grau dos novos alunos, para efeito de autenticação da vida escolar; V - elaborar editais de inscrição.;",92,312,14,15,,79,356,,"(79, 356)"
Quais são as responsabilidades do Departamento de Pessoal (DP) da UFSM?,"Planejar, organizar, coordenar e supervisionar os trabalhos relativos a recrutamento, seleção e desenvolvimento de recursos humanos, classificação de cargos e empregos, legislação de pessoal, pagamento e averbação, e perícia médica.","Art. 39. Ao Departamento de Pessoal (DP) compete planejar, organizar, coordenar e supervisionar os trabalhos, no âmbito da Instituição, relativos às áreas de: I - recrutamento, seleção e desenvolvimento de recursos humanos; II - classificação de cargos e empregos, bem como os relacionados com cadastro, lotação e movimentação de pessoal; III - legislação de pessoal; IV - pagamento e averbação; V - perícia médica.",92,338,14,15,,49,416,,"(49, 416)"
Quais são as competências do Departamento de Material e Patrimônio (DEMAPA)?,"I - planejar, coordenar, supervisionar, executar e controlar as funções relativas a área de material e patrimônio da Instituição.;","Art. 41. Ao Departamento de Material e Patrimônio (DEMAPA) compete:
I - planejar, coordenar, supervisionar, executar e controlar as funções relativas a área de material e patrimônio da Instituição.;",132,226,15,16,,68,199,,"(68, 199)"
Qual a competência relacionada à análise e verificação do cumprimento do currículo dos cursos de Graduação e Pós-Graduação?,XIV - analisar e verificar o cumprimento do currículo dos cursos de Graduação e Pós-Graduação para fins de conclusão;,"XIV - analisar e verificar o cumprimento do currículo dos cursos de Graduação e Pós-Graduação para fins de conclusão; XV - registrar os diplomas, por delegação de competência do MEC, da UFSM bem como das Instituições de Ensino Superior dos distritos Geo-Educacionais determinados pelo MEC;",460,561,15,16,,0,118,,"(0, 118)"
Quais as responsabilidades do Departamento de Contabilidade e Finanças (DCF) de acordo com o Art. 42 do Regimento Geral 88 da UFSM?,"executar, assessorar, supervisionar, orientar, controlar e coordenar as áreas orçamentária, financeira e patrimonial da Universidade;","Art. 42.  Ao Departamento de Contabilidade e Finanças (DCF) compete: I  -  executar,  assessorar,  supervisionar,  orientar,  controlar  e  coordenar  as áreas orçamentária, financeira e patrimonial da Universidade;",95,210,16,17,,75,216,,"(75, 216)"
O que o Departamento de Contabilidade e Finanças (DCF) da UFSM produz de acordo com o Art. 42 do Regimento Geral 88?,produzir operações de contabilidade analítica e sintética dos atos e fatos de gestão praticadas pelas unidades administrativas:,Art. 42.  Ao Departamento de Contabilidade e Finanças (DCF) compete: II - produzir operações de contabilidade analítica e sintética dos atos e fatos de gestão praticadas pelas unidades administrativas:,243,325,16,17,,74,202,,"(74, 202)"
Qual é a competência da Prefeitura da Cidade Universitária relacionada à compra de equipamentos e materiais?,planejar a compra de equipamentos e materiais afetos a sua área de atuação;,X - planejar a compra de equipamentos e materiais afetos a sua área de atuação;,88,143,17,18,,4,80,,"(4, 80)"
"O que compete à Prefeitura da Cidade Universitária relacionado ao controle de consumo de água, luz e telefone?","controlar o consumo e a despesa com água, luz e telefone;","IX - controlar o consumo e a despesa com água, luz e telefone;",334,389,17,18,,5,63,,"(5, 63)"
Quais são as competências da Comissão Permanente de Pessoal Docente (CPPD)?,"apreciar os assuntos concernentes à: alteração do regime de trabalho docente; avaliação do desempenho para a progressão funcional dos docentes; processos de ascensão funcional por titulação; solicitações de afastamento para aperfeiçoamento, especialização, mestrado e doutorado; estabelecimento de normas para concursos de admissão de docentes e sua aplicação; concessão de acréscimos salariais decorrentes de titulação.","Art. 44. À Comissão Permanente de Pessoal Docente (CPPD) compete: I - apreciar os assuntos concernentes à: a) alteração do regime de trabalho docente; b) avaliação do desempenho para a progressão funcional dos docentes; c) processos de ascensão funcional por titulação; d) solicitações de afastamento para aperfeiçoamento, especialização, mestrado e doutorado; e) estabelecimento de normas para concursos de admissão de docentes e sua aplicação; f) concessão de acréscimos salariais decorrentes de titulação.",109,505,18,19,,70,509,,"(70, 509)"
Quem compõe a Câmara de Magistério Superior?,"A Câmara de Magistério Superior será formada por 6 (seis) docentes, sendo um representante de cada classe de carreira do Magistério Superior e dois representantes do Reitor.","Art. 46. A Câmara de Magistério Superior será formada por 6 (seis) docentes, sendo um representante de cada classe de carreira do Magistério Superior e dois representantes do Reitor.",202,280,18,19,,9,183,,"(9, 183)"
Quando serão realizadas as eleições para a escolha de representantes das classes da carreira do Magistério Superior?,"por processo eleitoral especialmente convocado pelo Reitor, no mínimo quarenta e cinco dias antes do término de cada mandato.","§ 3º Os representantes de cada classe da carreira do Magistério Superior e de cada Colégio e seus respectivos suplentes, serão eleitos diretamente, por processo eleitoral especialmente convocado pelo Reitor, no mínimo quarenta e cinco dias antes do término de cada mandato.",150,244,19,20,,158,274,,"(158, 274)"
Quais as competências da Comissão Permanente de Pessoal Técnico Administrativo (CPPTA)?,"I - apreciar assuntos concernentes: a) aos processos de acompanhamento e avaliação para progressão funcional; b) aos processos de seleção interna para efeito de ascensão funcional; c) às dispensas, exceto as voluntárias, aos afastamentos para realização de cursos de Pós-Graduação e às transferências; d) aos critérios de caráter geral necessários à elaboração de concursos públicos e internos; e) às readaptações. II - desenvolver estudos e análises, visando fornecimento de subsídios para fixação, aperfeiçoamento e modificação da política do pessoal técnico-administrativo; III - colaborar com os órgãos próprios da Instituição no planejamento dos programas de treinamento e capacitação.","Art. 50. A Comissão Permanente de Pessoal Técnico Administrativo (CPPTA) compete: I - apreciar assuntos concernentes: a) aos processos de acompanhamento e avaliação para progressão funcional; b) aos processos de seleção interna para efeito de ascensão funcional; c) às dispensas, exceto as voluntárias, aos afastamentos para realização de cursos de Pós-Graduação e às transferências; d) aos critérios de caráter geral necessários à elaboração de concursos públicos e internos; e) às readaptações. II - desenvolver estudos e análises, visando fornecimento de subsídios para fixação, aperfeiçoamento e modificação da política do pessoal técnico-administrativo; III - colaborar com os órgãos próprios da Instituição no planejamento dos programas de treinamento e capacitação.",91,577,19,20,,82,773,,"(82, 773)"
Quais são as atribuições da Comissão de Acumulação de Cargos (CPAC)?,"competem instruir, analisar e emitir parecer em processos de acumulação de cargos","Art. 55. À Comissão de Acumulação de Cargos (CPAC) compete instruir, analisar e emitir parecer em processos de acumulação de cargos em que incidem servidores docentes e técnico-administrativos da Universidade Federal de Santa Maria.",62,127,20,21,,51,44,,"(51, 44)"
Quantos membros constituem a Comissão Permanente de Sindicância e Inquérito Administrativo (COPSIA)?,será constituída de 7 (sete) membros,"Art. 64. A COPSIA será constituída de 7 (sete) membros que integrarão 2 (duas) Comissões Processantes, sendo que um desses membros será suplente.",28,64,20,21,,18,55,,"(18, 55)"
Quantas unidades constituem a UFSM?,8 unidades,"Art. 71. A UFSM será constituída de 8 (oito) unidades, com as seguintes denominações...",35,45,21,22,,36,54,,"(36, 54)"
Quais são os Órgãos Suplementares Centrais subordinados à Reitoria?,"Biblioteca Central, Núcleo de Processamento de Dados, Restaurante Universitário, Instituto de Preservação da Memória Cultural, Núcleo de Treinamento Agrícola de Jaguari, Imprensa Universitária, Rádio Universidade",Art. 67. Os Órgãos Suplementares Centrais subordinam-se à Reitoria e são enumerados a seguir: I - Biblioteca Central; II - Núcleo de Processamento de Dados; III - Restaurante Universitário; IV - Instituto de Preservação da Memória Cultural; V - Núcleo de Treinamento Agrícola de Jaguari; VI - Imprensa Universitária; VII - Rádio Universidade.,89,263,21,22,,98,342,,"(98, 342)"
Quais são as competências do Conselho do Centro?,"I - exercer, como órgão consultivo e deliberativo, a jurisdição superior da Unidade em matéria que não seja da atribuição do Diretor","Art. 74. São competências do Conselho do Centro: I - exercer, como órgão consultivo e deliberativo, a jurisdição superior da Unidade em matéria que não seja da atribuição do Diretor;",66,139,22,23,,49,182,,"(49, 182)"
Qual é o órgão deliberativo e consultivo da Unidade Universitária?,"Conselho do Centro, composto na forma do art. 31 do Estatuto","Art. 73. O Conselho do Centro, composto na forma do art. 31 do Estatuto, é o órgão deliberativo e consultivo da Unidade Universitária.",16,79,22,23,,11,72,,"(11, 72)"
Quais são as competências da Direção do Centro de acordo com o Regimento Geral 88 da UFSM?,"À Direção do Centro compete praticar atos de gestão relativos a execução orçamentária, autorizar afastamento de servidores Técnico-Administrativos, entre outras atribuições.","Seção III Da Direção Do Centro Art. 75. A Direção do Centro é constituída pelo Diretor e Vice-Diretor. Art. 76. À Direção do Centro compete: I - praticar atos de gestão relativos a execução orçamentária, nas dotações e programas específicos do Centro; II - autorizar afastamento de servidores Técnico-Administrativos lotados no respectivo centro; III - autorizar a prorrogação de horário de trabalho dos servidores Técnico-Administrativos, observando a existência de recursos orçamentários específicos; IV - designar e dispensar os subchefes de departamentos didáticos, encaminhando cópias das portarias ao Departamento de Pessoal para anotações; V - designar e dispensar os substitutos dos Coordenadores de Cursos, nos impedimentos legais ou eventuais dos titulares, encaminhando cópias das Portarias ao Departamento de Pessoal para anotações; VI - designar e dispensar os substitutos dos Coordenadores de Cursos de Pós-Graduação, nos impedimentos legais e eventuais dos titulares, encaminhando cópias das Portarias ao Departamento de Pessoal; VII - emitir, através de portaria, atos relacionados com a cedência, total ou parcial de horas de trabalho de docentes, entre departamentos do próprio Centro, com a devida concordância dos respectivos chefes de departamentos e sem prejuízo da força de trabalho, encaminhando a",120,349,23,24,,112,709,,"(112, 709)"
Quais são as responsabilidades do Conselho Universitário de acordo com o Regimento Geral 88 da UFSM?,Propor ao Conselho Universitário a concessão de títulos de professor emérito e professor 'Honoris Causa'.,"XV  -   propor  ao  Conselho  Universitário  a  concessão  de  títulos  de  professor emérito e professor “Honoris Causa”; XVI -  aprovar o relatório do Diretor referente ao ano anterior; XVII -  aprovar a programação anual dos trabalhos do Centro; XVIII -   apreciar  proposta  sobre  a  criação  de  novos  cursos  e  departamentos, bem  como  alteração  na  constituição  dos  já  existentes,  encaminhando  o parecer ao CEPE; XIX -  exercer as demais atribuições conferidas por lei, estatuto, regimento geral e regimento interno.",32,103,23,24,,8,123,,"(8, 123)"
Quem compõe o Conselho de Administração (CONAD) do CCS?,"I - pelo Diretor do CCS; II - pelos membros da Diretoria Executiva; III - pelos coordenadores dos Cursos de Graduação e Pós-Graduação do CCS em atuação no HUSM; IV - por três representantes dos servidores técnico-administrativos do HUSM, sendo um da Diretoria Administrativa, um da Diretoria Clínica e um da Diretoria de Enfermagem; V - por representantes discentes da área da saúde com atuação no HUSM, cursos de Graduação e Pós-Graduação; VI - por um representante da Comissão Interinstitucional Municipal de Saúde; VII - por um representante dos docentes que atuam no HUSM;","Art. 78. O Conselho de Administração (CONAD) será composto: I - pelo Diretor do CCS; II - pelos membros da Diretoria Executiva; III - pelos coordenadores dos Cursos de Graduação e Pós-Graduação do CCS em atuação no Hospital Universitário de Santa Maria (HUSM); IV - por três representantes dos servidores técnico-administrativos do HUSM, sendo um da Diretoria Administrativa, um da Diretoria Clínica e um da Diretoria de Enfermagem; V - por representantes discentes da área da saúde com atuação no HUSM, cursos de Graduação e Pós-Graduação; VI - por um representante da Comissão Interinstitucional Municipal de Saúde; VII - por um representante dos docentes que atuam no HUSM;",93,873,24,25,,60,677,,"(60, 677)"
Quais são as atribuições do Centro de Ciências da Saúde?,"X - autorizar, no âmbito do Centro, a realização de congressos, conferências, simpósios, semanas, encontros e promoções artísticas ou científicas; XI - promover com o apoio dos órgãos competentes, as formaturas dos cursos de Graduação e Pós-Graduação, promoções culturais e científicas, cursos extracurriculares, seminários, palestras e outros afins; XII - autorizar pedidos de férias de docentes em períodos escolares mediante proposta justificada do órgão; XIII - aplicar penas de advertência e repreensão e suspensão em faltas graves, até no máximo de 15 (quinze) dias, a funcionários, docentes e discentes do respectivo Centro, obedecidas as disposições legais, dando ciência aos órgãos competentes, bem como determinar abertura de sindicâncias para apurar responsabilidades;","IX - fixar valores das taxas a serem cobradas nas inscrições e matrículas para os Cursos Extracurriculares e/ou Extensão; X - autorizar, no âmbito do Centro, a realização de congressos, conferências, simpósios, semanas, encontros e promoções artísticas ou científicas; XI - promover com o apoio dos órgãos competentes, as formaturas dos cursos de Graduação e Pós-Graduação, promoções culturais e científicas, cursos extracurriculares, seminários, palestras e outros afins; XII - autorizar pedidos de férias de docentes em períodos escolares mediante proposta justificada do órgão; XIII - aplicar penas de advertência e repreensão e suspensão em faltas graves, até no máximo de 15 (quinze) dias, a funcionários, docentes e discentes do respectivo Centro, obedecidas as disposições legais, dando ciência aos órgãos competentes, bem como determinar abertura de sindicâncias para apurar responsabilidades;",191,739,24,25,,122,902,,"(122, 902)"
Quem presidirá o CONAD?,A presidência do CONAD caberá ao Diretor do CCS.,"""VIII - por um representante dos docentes que atuam no HUSM; § 1º A presidência do CONAD caberá ao Diretor do CCS.""",50,86,25,26,,66,115,,"(66, 115)"
Quais são as competências do Conselho de Administração (CONAD)?,Ao Conselho de Administração (CONAD) compete: I - estabelecer as diretrizes do HUSM; II - aprovar os planos globais de ação do HUSM; III - avaliar as atividades do HUSM; IV - homologar o orçamento anual a nível do HUSM; V - homologar as propostas de convênios ou contratos; VI - homologar o Regimento Interno do HUSM e suas modificações; VII - homologar a proposta de tabelas de preços de serviços.,Art. 79. Ao Conselho de Administração (CONAD) compete: I - estabelecer as diretrizes do HUSM; II - aprovar os planos globais de ação do HUSM; III - avaliar as atividades do HUSM; IV - homologar o orçamento anual a nível do HUSM; V - homologar as propostas de convênios ou contratos; VI - homologar o Regimento Interno do HUSM e suas modificações; VII - homologar a proposta de tabelas de preços de serviços.,78,504,25,26,,9,408,,"(9, 408)"
Quais os órgãos subordinados ao Centro de Ciências da Saúde?,Hospital Universitário; Laboratório de Análises Clínicas; Laboratório Industrial Farmacêutico; Farmácia-Escola Comercial.,IV - Subordinados ao Centro de Ciências da Saúde: 1. Hospital Universitário; 2. Laboratório de Análises Clínicas; 3. Laboratório Industrial Farmacêutico; 4. Farmácia-Escola Comercial.,152,215,26,27,,53,184,,"(53, 184)"
Quais os órgãos subordinados ao Centro de Educação?,Colegiado Especial de Licenciatura; Serviço de Orientação Educacional; Laboratório de Ensino e Instrução.,VI - Subordinados ao Centro de Educação: 1. Colegiado Especial de Licenciatura; 2. Serviço de Orientação Educacional; 3. Laboratório de Ensino e Instrução.,395,479,26,27,,44,156,,"(44, 156)"
Quem define a composição do Colegiado do Departamento?,O respectivo Centro em seu Regimento Interno Próprio.,Art. 86. A composição do Colegiado do Departamento será definida pelo respectivo Centro em seu Regimento Interno Próprio.,112,158,27,28,,68,122,,"(68, 122)"
Quais as competências do Colegiado do Departamento?,"Conhecer e deliberar sobre assuntos de natureza didática, aprovar realização de cursos não regulares, aprovar Plano Departamental, entre outros.","Art. 87. Compete ao Colegiado do Departamento: I - conhecer e deliberar sobre assuntos de natureza didática que não forem da competência dos colegiados de curso; II - aprovar a realização de cursos não regulares, seminários, jornadas e atividades similares e propor ao Conselho do Centro o valor das correspondentes taxas de inscrição; III - aprovar e propor ao Conselho do Centro a prestação de serviços por parte do Departamento e o valor da correspondente taxa; IV - aprovar o Plano Departamental; V - aprovar a constituição das Bancas examinadoras de concursos públicos e de títulos e provas; VI - aprovar, no âmbito de sua competência, a seleção, admissão, cedência ou afastamento de pessoal docente e demais servidores, bem como o regime de trabalho a ser cumprido, de conformidade com as necessidades do Plano Departamental; VII - aprovar a constituição de bancas examinadoras de revisão de verificações de conhecimentos do corpo discente; VIII - propor a realização de convênios com entidades e encaminhar aos órgãos competentes para aprovação; IX - estabelecer e propor ao Conselho do Centro respectivo, as normas operacionais do próprio Colegiado;",175,340,27,28,,51,1157,,"(51, 1157)"
Quais são as competências do Departamento Didático?,I - Elaborar seus planos de trabalho e a parte que lhe competir no plano geral de atividades da Universidade;,"""Art. 90. Ao Departamento Didático compete: I - Elaborar  seus  planos  de  trabalho  e  a  parte  que  lhe  competir  no  plano geral de atividades da Universidade; II - atribuir encargos de ensino, pesquisa e extensão ao pessoal docente que o integra; III   -     coordenar   o   trabalho   do   pessoal   docente,   visando   a   unidade   e   a eficiência do ensino, da pesquisa e da extensão;""",40,144,28,29,,44,166,,"(44, 166)"
O que cabe recurso ao Conselho do Centro?,Das decisões do Colegiado do Departamento caberá recurso ao Conselho do Centro.,"""XVIII - das decisões do Colegiado do Departamento caberá recurso ao Conselho do Centro.""",63,133,28,29,,9,89,,"(9, 89)"
Quais são as atribuições do número 11?,"elaborar os planos de trabalho do Departamento, atribuindo encargos de ensino, pesquisa e extensão aos docentes nele lotados;","XII - propor a substituição e a demissão de docentes; XIII - opinar e encaminhar os pedidos de afastamento de docentes para fins de aperfeiçoamento, ou prestação de assistência técnica; XIV - indicar, dentre os professores do Departamento, os que devam exercer tarefas em substituição; XV - deliberar e coordenar a utilização dos equipamentos e instalações das oficinas e laboratórios sob a responsabilidade do Departamento; XVI - indicar, para designação, ao Diretor do Centro, os representantes do Departamento nos Colegiados de Centros; XVII - compor comissões examinadoras para concursos destinados ao provimento de cargos ou ao contrato de professores; XVIII - compor Bancas Fiscais e Examinadoras destinadas a realização dos trabalhos inerentes à avaliação do rendimento escolar dos alunos; XIX - elaborar tabelas de preços relativos à prestação de serviços, para aprovação do Conselho do Centro; XX - coordenar, no plano executivo, os Cursos de Especialização, Aperfeiçoamento e Extensão que se situem no âmbito do Departamento; XXI - encaminhar ao Diretor do Centro, devidamente instruídos, os assuntos cujas soluções transcendam as suas atribuições; XXII - convocar, formalmente, e presidir as reuniões departamentais; XXIII - encaminhar, no final de cada ano, ao Diretor do Centro, o Relatório do seu Departamento; XXIV - cumprir e fazer cumprir as disposições do Estatuto e dos Regimentos, as decisões dos órgãos deliberativos da Universidade e da legislação concernente ao ensino;",505,617,29,30,,803,1581,,"(803, 1581)"
O que é incumbência do número 17?,compor comissões examinadoras para concursos destinados ao provimento de cargos ou ao contrato de professores;,"XV - deliberar e coordenar a utilização dos equipamentos e instalações das oficinas e laboratórios sob a responsabilidade do Departamento; XVI - indicar, para designação, ao Diretor do Centro, os representantes do Departamento nos Colegiados de Centros; XVII - compor comissões examinadoras para concursos destinados ao provimento de cargos ou ao contrato de professores; XVIII - compor Bancas Fiscais e Examinadoras destinadas a realização dos trabalhos inerentes à avaliação do rendimento escolar dos alunos; XIX - elaborar tabelas de preços relativos à prestação de serviços, para aprovação do Conselho do Centro; XX - coordenar, no plano executivo, os Cursos de Especialização, Aperfeiçoamento e Extensão que se situem no âmbito do Departamento; XXI - encaminhar ao Diretor do Centro, devidamente instruídos, os assuntos cujas soluções transcendam as suas atribuições; XXII - convocar, formalmente, e presidir as reuniões departamentais; XXIII - encaminhar, no final de cada ano, ao Diretor do Centro, o Relatório do seu Departamento; XXIV - cumprir e fazer cumprir as disposições do Estatuto e dos Regimentos, as decisões dos órgãos deliberativos da Universidade e da legislação concernente ao ensino;",378,548,29,30,,261,372,,"(261, 372)"
Quais órgãos são responsáveis por definir os programas e linhas de pesquisa de cada área na Universidade?,"aos Centros, através das Comissões de Pesquisa, compete definir os programas e linhas de pesquisa de cada área;","c) aos Centros, através das Comissões de Pesquisa, compete definir os programas e linhas de pesquisa de cada área;",177,260,30,31,,3,115,,"(3, 115)"
Qual é a finalidade do Fundo de Incentivo à Pesquisa (FIPE)?,O Fundo de Incentivo à Pesquisa (FIPE) visa incentivar prioritariamente pesquisadores emergentes que tenham dificuldade de obter recursos junto às agências financiadoras tradicionais,Art. 93. O Fundo de Incentivo à Pesquisa (FIPE) visa incentivar prioritariamente pesquisadores emergentes que tenham dificuldade de obter recursos junto às agências financiadoras tradicionais,761,934,30,31,,9,192,,"(9, 192)"
Quem será responsável pela execução dos programas de extensão?,A execução dos programas de extensão será feita pelos Departamentos Didáticos.,Art. 98. A execução dos programas de extensão será feita pelos Departamentos Didáticos.,42,107,31,32,,9,88,,"(9, 88)"
Quais são os elementos que integram o Currículo Pleno dos Cursos de Graduação?,Integram o Currículo Pleno dos Cursos de Graduação disciplinas correspondentes à matérias do Currículo mínimo fixado pelo CEPE e disciplinas ou atividades complementares.,"Art. 106. Integram o Currículo Pleno dos Cursos de Graduação disciplinas correspondentes à matérias do Currículo mínimo fixado pelo CEPE e disciplinas ou atividades complementares para atender a exigência de sua programação específica, a peculariedades regionais e a diferenças individuais dos alunos.",0,273,31,32,,10,180,,"(10, 180)"
Quem compõe o Colegiado de Curso de Pós-Graduação?,"dois docentes representantes da área de concentração. Nos cursos em que houver mais de uma área de concentração, cada área será representada por um docente;","""Art. 109. O Colegiado de Curso de Pós-Graduação compõem-se: a) do Coordenador do Curso, como Presidente; b) do Coordenador Substituto, como Vice-Presidente; c) de dois docentes representantes da área de concentração. Nos cursos em que houver mais de uma área de concentração, cada área será representada por um docente; d) de um docente das disciplinas da área conexa; e) de dois representantes  do Corpo Discente, sendo  um  aluno  que  esteja cursando disciplinas e um em fase de elaboração de Dissertação.""",181,387,32,33,,164,321,,"(164, 321)"
Quais são as competências dos Colegiados de Graduação?,"I - propor ao CEPE, através do Conselho do respectivo Centro, os Currículos plenos e suas alterações;","""Art. 111. Aos Colegiados de Graduação compete: I - propor ao CEPE, através do Conselho do respectivo Centro, os Currículos plenos e suas alterações; II - estabelecer a oferta de disciplina de cada período letivo; III - fixar e propor ao CEPE, através do Conselho do respectivo Centro, a carga horária e os critérios de cada disciplina do currículo; IV - fixar e propor ao CEPE, através do Conselho do respectivo Centro, o termo médio de integralização curricular, dentro dos prazos mínimos e máximos estabelecidos pelo CFE; V - orientar, fiscalizar e coordenar a realização do Curso respectivo;""",209,336,32,33,,48,150,,"(48, 150)"
Quais são as atribuições do Colegiado de Curso de Pós-Graduação?,"definir as linhas de pesquisa do Curso, apreciar e homologar os projetos de dissertação de Mestrado e Doutorado do Corpo Discente, definir as cargas horárias e os créditos dos currículos dos Cursos","Art. 113. Aos Colegiados de Curso de Pós-Graduação compete: I - definir as linhas de pesquisa do Curso, em consonância com os programas de pesquisa do Centro; II - apreciar e homologar os projetos de dissertação de Mestrado e Doutorado do Corpo Discente; III - definir as cargas horárias e os créditos dos currículos dos Cursos, em articulação direta com os Departamentos, principalmente para",49,351,33,34,,64,328,,"(64, 328)"
Quantas vezes por semestre o Colegiado de Curso deve se reunir ordinariamente?,duas vezes por semestre,"Art. 112. O Colegiado de Curso reunir-se-á, ordinariamente, duas vezes por semestre ou, extraordinariamente, sempre que convocado pelo presidente ou maioria de seus membros.",44,67,33,34,,60,84,,"(60, 84)"
Quais são os aspectos da vida acadêmica do Corpo Discente sobre os quais o Regimento Geral da UFSM trata?,"adaptação curricular, transferência e dispensa de disciplinas","IV - decidir sobre aspectos da vida acadêmica do Corpo Discente, tais como: adaptação curricular, transferência e dispensa da disciplinas;",89,142,34,35,,76,138,,"(76, 138)"
A quem cabe integrar o Conselho do Centro na UFSM?,Ao Coordenador do Curso,"I - integrar o Conselho do Centro, na qualidade de membro nato;",115,141,34,35,,0,63,,"(0, 63)"
Quais são as atribuições do Coordenador do Curso de Graduação?,"Exercer a coordenação da matrícula dos alunos, no âmbito do Curso, em colaboração com o órgão central de matrícula;","XV - exercer a coordenação da matrícula dos alunos, no âmbito do Curso, em colaboração com o órgão central de matrícula;",440,525,35,36,,5,121,,"(5, 121)"
Quem é responsável pela execução do concurso vestibular?,"A execução do concurso vestibular caberá à Comissão Permanente de Vestibular (COPERVES), à qual compete a elaboração da sistemática a ser adotada, com base na legislação vigente e em atos adicionais.","A execução do concurso vestibular caberá à Comissão Permanente de Vestibular (COPERVES), à qual compete a elaboração da sistemática a ser adotada, com base na legislação vigente e em atos adicionais.",848,962,35,36,,0,200,,"(0, 200)"
Quais são os tipos fundamentais de matrícula de acordo com o Regimento Geral 88 - UFSM?,matrícula por disciplina; matrícula no Curso/Trancamento Total,"""Art. 124. Haverá dois tipos fundamentais de matrícula: a) matrícula por disciplina; b) matrícula no Curso/Trancamento Total.""",99,158,36,37,,45,125,,"(45, 125)"
Qual é o percentual mínimo de frequência necessário para aprovação em qualquer disciplina?,no mínimo 75%,§ 1º A aprovação em qualquer disciplina somente será concedida ao aluno que obtiver no mínimo 75% de freqüência às atividades escolares desta disciplina.,224,243,36,37,,84,98,,"(84, 98)"
Quais são os critérios para a aprovação na disciplina sem necessidade de Avaliação Final?,"Está aprovado na disciplina independente de Avaliação Final, o aluno que obtiver média aritmeticamente ou superior a sete (7) nas avaliações parciais.","Art. 134. Estará aprovado na disciplina independente de Avaliação Final, o aluno que obtiver média aritmeticamente ou superior a sete (7) nas avaliações parciais.",80,139,37,38,,10,163,,"(10, 163)"
Como será a avaliação final na pós-graduação?,"A avaliação de aproveitamento será dada por meio de conceitos, que representam o resultado das avaliações das atividades realizadas durante o desenvolvimento das disciplinas","Art. 138. A avaliação de aproveitamento será dada por meio de conceitos, que representam o resultado das avaliações das atividades realizadas durante o desenvolvimento das disciplinas, de acordo com o seguinte quadro:",36,131,37,38,,10,184,,"(10, 184)"
Quais são os conceitos que resultam em repetição da disciplina de acordo com o Art. 139?,D ou E,"Art. 139. O aluno que obtiver conceito D ou E em qualquer disciplina, deverá repeti-la.",75,81,38,39,,39,46,,"(39, 46)"
"Qual é o percentual mínimo de frequência que resulta no conceito E, conforme o Art. 143?",75%,Art. 143. Ao aluno com freqüência inferior a 75% será atribuído o conceito E.,1210,1214,38,39,,45,52,,"(45, 52)"
Quais são os documentos necessários para iniciar o processo de revalidação de diplomas?,Aos refugiados que não possam exibir seus diplomas e currículos será facultado o suprimento do mesmos pelos meios de prova em direito permitido.,Parágrafo único – Aos refugiados que não possam exibir seus diplomas e currículos será facultado o suprimento do mesmos pelos meios de prova em direito permitido.,281,380,39,40,,18,163,,"(18, 163)"
Quem realiza o julgamento da equivalência para efeito de revalidação?,"O julgamento da equivalência, para efeito de revalidação, será feito por uma Comissão especialmente designada para tal fim, constituída de professores da própria instituição ou outros estabelecimentos, que tenham a qualificação compatível com a área do conhecimento e com o nível do título a ser revalidado.","Art. 150. O julgamento da equivalência, para efeito de revalidação, será feito por uma Comissão especialmente designada para tal fim, constituída de professores da própria instituição ou outros estabelecimentos, que tenham a qualificação compatível com a área do conhecimento e com o nível do título a ser revalidado.",524,756,39,40,,10,318,,"(10, 318)"
Quais são consideradas as atividades acadêmicas próprias do pessoal docente de ensino superior?,"as pertinentes ao ensino, pesquisa e extensão que, indissociáveis, visem à aprendizagem, à produção do conhecimento, à ampliação e transmissão do saber e da cultura","""Art. 157. São consideradas atividades acadêmicas próprias do pessoal docente de ensino superior: I - as pertinentes ao ensino, pesquisa e extensão que, indissociáveis, visem à aprendizagem, à produção do conhecimento, à ampliação e transmissão do saber e da cultura;""",84,217,40,41,,102,267,,"(102, 267)"
Quem é integrado pela Comunidade Universitária?,"pelos corpos docente, discente e técnico-administrativo da Universidade","Art. 156. A Comunidade Universitária é integrada pelos corpos docente, discente e técnico-administrativo da Universidade.",61,130,40,41,,49,121,,"(49, 121)"
Quais são as atividades próprias do pessoal docente de 1º e 2º Graus de acordo com o Art. 158 do Regimento Geral 88 - UFSM?,"as relacionadas, predominantemente, ao ensino, no âmbito das instituições de 1º e 2º Graus e as relacionadas à pesquisa, bem como as que estendam à comunidade atividades sob a forma de cursos e serviços especiais","""Art. 158. São consideradas atividades próprias do pessoal docente de 1º e 2º Graus: I - as relacionadas, predominantemente, ao ensino, no âmbito das instituições de 1º e 2º Graus e as relacionadas à pesquisa, bem como as que estendam à comunidade atividades sob a forma de cursos e serviços especiais;""",106,316,41,42,,89,302,,"(89, 302)"
Quais são as classes que compõem a carreira do Magistério Superior de acordo com o Art. 160 do Regimento Geral 88 - UFSM?,"Professor Titular, Professor Adjunto, Professor Assistente, Professor Auxiliar","""Art. 160. A carreira do Magistério Superior compreende as seguintes classes: I - Professor Titular; II - Professor Adjunto; III - Professor Assistente; IV - Professor Auxiliar.""",104,204,41,42,,82,177,,"(82, 177)"
Quais são as exigências para ingresso na classe de Professor Titular do Magistério Superior?,"Os portadores do título de Doutor ou de Livre-Docente, bem como pessoas de notório saber, reconhecido pelo Conselho de Ensino, Pesquisa e Extensão.","Art. 165. O ingresso na carreira de Magistério de 1º e 2º Graus far-se-á mediante habilitação em Concurso Público de Títulos e Provas e deverá ocorrer no nível inicial de qualquer classe. § 3º Para o ingresso na classe de Professor Titular, poderão inscrever-se os portadores do título de Doutor ou de Livre-Docente, bem como pessoas de notório saber, reconhecido pelo Conselho de Ensino, Pesquisa e Extensão.",282,354,42,43,,262,410,,"(262, 410)"
Quais são as exigências para ingresso na classe de Professor Titular do Magistério de 1º e 2º Graus?,"Os portadores do título de Doutor ou de Livre-Docente, bem como pessoas de notório saber, reconhecido pelo Conselho de Ensino, Pesquisa e Extensão.","Art. 165. O ingresso na carreira de Magistério de 1º e 2º Graus far-se-á mediante habilitação em Concurso Público de Títulos e Provas e deverá ocorrer no nível inicial de qualquer classe. § 3º Para o ingresso na classe de Professor Titular, poderão inscrever-se os portadores do título de Doutor ou de Livre-Docente, bem como pessoas de notório saber, reconhecido pelo Conselho de Ensino, Pesquisa e Extensão.",282,354,42,43,,262,410,,"(262, 410)"
Quais são os regimes de trabalho para o Professor de carreira do Magistério Superior?,"I - dedicação exclusiva, com obrigação de prestar quarenta horas semanais de trabalho; II - tempo parcial, de vinte horas semanais de trabalho; III - tempo integral com obrigação de prestar quarenta horas semanais de trabalho","Art. 166. O Professor de carreira do Magistério Superior será submetido a um dos seguintes regimes de trabalho: I - dedicação exclusiva, com obrigação de prestar quarenta horas semanais de trabalho em dois turnos diários completos com impedimento o exercício de outra atividade seja ela privada, inclusive autônoma ou pública. II - tempo parcial, de vinte horas semanais de trabalho; III - tempo integral com obrigação de prestar quarenta horas semanais de trabalho, em dois turnos diários completos, em Centros que assim o desejarem conforme decisão do Conselho de Ensino, Pesquisa e Extensão.",180,473,43,44,,112,111,,"(112, 111)"
Quais são os direitos admitidos no regime de dedicação exclusiva para o Professor de carreira do Magistério Superior?,"a) participação em órgãos de deliberação coletiva relacionada com as funções de Magistério; b) participação em comissões julgadoras ou verificadoras, relacionadas com o ensino ou a pesquisa; c) percepção de direitos autorais ou correlatos; d) colaboração esporádica, remunerada ou não, em assuntos de sua especialidade e devidamente autorizada pela Instituição","Parágrafo único – No regime de dedicação exclusiva, admitir-se-á: a) participação em órgãos de deliberação coletiva relacionada com as funções de Magistério; b) participação em comissões julgadoras ou verificadoras, relacionadas com o ensino ou a pesquisa; c) percepção de direitos autorais ou correlatos; d) colaboração esporádica, remunerada ou não, em assuntos de sua especialidade e devidamente autorizada pela Instituição, de acordo com as normas aprovadas pelo Conselho Superior competente.",317,612,43,44,,66,427,,"(66, 427)"
Quais são as condições para a progressão funcional por titulação no magistério superior?,"A progressão funcional por titulação para o Magistério Superior dar-se-á, independente de interstício, para o nível inicial: a) da classe de Professor Adjunto, mediante obtenção do título de Doutor; b) da classe de Professor Assistente, mediante a obtenção do grau de Mestre.","§ 3º A progressão funcional por titulação para o Magistério Superior dar-se-á, independente de interstício, para o nível inicial: a) da classe de Professor Adjunto, mediante obtenção do título de Doutor; b) da classe de Professor Assistente, mediante a obtenção do grau de Mestre.",0,284,44,45,,5,281,,"(5, 281)"
Quais os requisitos para a transferência de ocupante de cargo ou emprego de magistério entre instituições federais de ensino?,"A transferência de ocupante de cargo ou emprego de magistério poderá ser feita entre as Instituições Federais de Ensino, desde que o docente possua, pelo menos, dois anos de efetivo exercício no respectivo cargo ou emprego.","Art. 169. A transferência de ocupante de cargo ou emprego de magistério poderá ser feita entre as Instituições Federais de Ensino, desde que o docente possua, pelo menos, dois anos de efetivo exercício no respectivo cargo ou emprego.",10,164,44,45,,10,234,,"(10, 234)"
"Quais são as situações em que um docente pode se afastar de suas funções, segundo o Regimento Geral 88 - UFSM?",para aperfeiçoar-se em instituição nacional ou estrangeira; para prestar colaboração a outra instituição de ensino; para comparecer a congresso ou reunião relacionados com atividade acadêmica; para participar de órgão de deliberação coletiva ou outros relacionados com as funções acadêmicas.,"Art. 170. Os ocupantes de cargos ou empregos das carreiras de Magistério poderão afastar-se de suas funções, assegurados todos os direitos e vantagens a que fizer jus, em razão da atividade docente. I - para aperfeiçoar-se em instituição nacional ou estrangeira; II - para prestar colaboração a outra instituição de ensino; III - para comparecer a congresso ou reunião relacionados com atividade acadêmica; IV - para participar de órgão de deliberação coletiva ou outros relacionados com as funções acadêmicas.",179,444,45,46,,203,511,,"(203, 511)"
Qual é o prazo máximo de afastamento para a realização de estudos de Pós-Graduação na própria Universidade?,cinco anos,§ 4º Aplica-se o disposto neste artigo ao docente que realiza curso de Pós-Graduação na própria Universidade.,236,245,45,46,,0,109,,"(0, 109)"
Qual órgão terá como representação os alunos de graduação da Universidade?,Diretório Central de Estudantes (DCE),"Art. 173. Os alunos de graduação da Universidade, nos termos do art. 91 do Estatuto e legislação específica, terão como órgão de representação um Diretório Central de Estudantes (DCE), de âmbito universitário e de Diretórios Acadêmicos Setoriais.",178,221,46,47,,146,184,,"(146, 184)"
Quem estabelecerá os tipos de bolsa a serem instituídas na Universidade?,O Conselho Universitário,Parágrafo único – O Conselho Universitário estabelecerá os tipos de bolsa a serem instituídas bem como fixará normas de concessão e matéria disciplinadora a respeito.,63,104,46,47,,18,43,,"(18, 43)"
Quais são as sanções disciplinares previstas no artigo 182?,a) advertência; b) repreensão; c) suspensão/multa; d) exclusão; e) demissão.,"Art. 182. As sanções disciplinares, além das previstas na legislação aplicável a cada categoria a que se refere o artigo anterior, são: a) advertência; b) repreensão; c) suspensão/multa; d) exclusão; e) demissão.",297,398,47,48,,136,213,,"(136, 213)"
O que define o artigo 181?,"O regime disciplinar a que se refere o art. 66 do Estatuto, obedecerá aos preceitos da legislação em vigor, fixando normas que incentivem o senso de responsabilidade e auto disciplina do pessoal docente, discente e técnico-administrativo da Universidade.","Art. 181. O regime disciplinar a que se refere o art. 66 do Estatuto, obedecerá aos preceitos da legislação em vigor, fixando normas que incentivem o senso de responsabilidade e auto disciplina do pessoal docente, discente e técnico-administrativo da Universidade.",202,339,47,48,,10,265,,"(10, 265)"
Quais são as sanções disciplinares previstas no Regimento Geral 88 - UFSM?,"advertência, repreensão, suspensão/multa, exclusão, demissão.","""Art. 182. As sanções disciplinares, além das previstas na legislação aplicável a cada categoria a que se refere o artigo anterior, são: a) advertência; b) repreensão; c) suspensão/multa; d) exclusão; e) demissão.""",137,187,0,48,,140,214,,"(140, 214)"
O que abrange o corpo Técnico-Administrativo segundo o Regimento Geral 88 - UFSM?,a) pessoal do Quadro Permanente; b) pessoal da Tabela Permanente.,"""Art. 180. O corpo Técnico-Administrativo, constituído na forma do art. 93 do Estatuto, abrange duas categorias: a) pessoal do Quadro Permanente; b) pessoal da Tabela Permanente.""",74,146,0,48,,113,179,,"(113, 179)"
Quais penalidades disciplinares podem ser aplicadas aos alunos e servidores?,as penas disciplinares levarão em conta a natureza e a gravidade da infração e os danos que dela provierem para o ensino e a administração,"d) as penas disciplinares levarão em conta a natureza e a gravidade da infração e os danos que dela provierem para o ensino e a administração, considerados os antecedentes do aluno ou do servidor;",148,266,1,49,,3,142,,"(3, 142)"
Quando poderá ser aplicada a pena de exclusão de aluno?,"a pena de exclusão de aluno será aplicada com base nas conclusões a que chegar a comissão designada pelo Reitor para apurar, em inquérito disciplinar, a infração.","f) a pena de exclusão de aluno será aplicada com base nas conclusões a que chegar a comissão designada pelo Reitor para apurar, em inquérito disciplinar, a infração.",222,321,1,49,,3,166,,"(3, 166)"
Quem pode receber o título de Doutor 'Honoris Causa'?,"a)   a quem haja contribuído de modo eminente para o progresso das Ciências, Letras ou Artes; b)   a quem prestar relevante serviços à Universidade no campo das atividades culturais.","Art. 192. O título de Doutor “Honoris Causa” poderá ser outorgado: a)   a quem haja contribuído de modo eminente para o progresso das Ciências, Letras ou Artes; b)   a quem prestar relevante serviços à Universidade no campo das atividades culturais.",131,299,2,50,,67,250,,"(67, 250)"
Qual é a competência para propor a concessão da 'Comenda do Mérito Universitário' e da 'Medalha do Mérito Universitário'?,"Reitor ou de 05 (cinco) conselheiros membros do Conselho Universitário, pelo menos, mediante expediente específico do qual conste ampla justificativa.","Art. 196. A proposta para concessão, tanto da “Comenda do Mérito Universitário” quanto da “Medalha do Mérito Universitário” será de competência do Reitor ou de 05 (cinco) conselheiros membros do Conselho Universitário, pelo menos, mediante expediente específico do qual conste ampla justificativa.",1,281,2,50,,147,298,,"(147, 298)"